{
  "feature_weights": {
    "driver::D001": -0.6512151539776506,
    "driver::D002": -0.5537749089248025,
    "driver::D003": -0.434776162044989,
    "driver::D004": -0.41509488826028096,
    "driver::D005": -0.29908761426231706,
    "driver::D006": -0.21112960621602944,
    "driver::D007": -0.26300821645418576,
    "driver::D008": -0.12402825524481298,
    "driver::D009": -0.17696583563189233,
    "driver::D010": -0.009244869147414483,
    "driver::D011": -0.03470060488952615,
    "driver::D012": -0.007616136539801641,
    "driver::D013": 0.14080460509185133,
    "driver::D014": 0.12306388071832342,
    "driver::D015": 0.304648831693484,
    "driver::D016": 0.4007321150706775,
    "driver::D017": 0.3914483857906906,
    "driver::D018": 0.5191939024988674,
    "driver::D019": 0.6059200676416368,
    "driver::D020": 0.6888654732772266,
    "lap::HARD::1": -1.3130329872065918,
    "lap::HARD::10": -4.916873096498946,
    "lap::HARD::11": -4.658720468344884,
    "lap::HARD::12": -4.914059809283516,
    "lap::HARD::13": -4.52245272330876,
    "lap::HARD::14": -4.471474683244724,
    "lap::HARD::15": -4.48170754929011,
    "lap::HARD::16": -5.037867317241569,
    "lap::HARD::17": -4.713089901913373,
    "lap::HARD::18": -4.517370086254099,
    "lap::HARD::19": -4.494229342244714,
    "lap::HARD::2": -1.3130348473630846,
    "lap::HARD::20": -4.277847933030936,
    "lap::HARD::21": -3.9881471827235204,
    "lap::HARD::22": -4.460084391617768,
    "lap::HARD::23": -4.274364623922381,
    "lap::HARD::24": -4.313122814324307,
    "lap::HARD::25": -4.387443816716258,
    "lap::HARD::26": -4.509212762287587,
    "lap::HARD::27": -4.565583546947249,
    "lap::HARD::28": -4.326106975266904,
    "lap::HARD::29": -4.642805968355639,
    "lap::HARD::3": -1.3130425319086114,
    "lap::HARD::30": -5.051888680350252,
    "lap::HARD::31": -4.413074090016714,
    "lap::HARD::32": -3.7905984934161503,
    "lap::HARD::33": -3.2100896308804105,
    "lap::HARD::34": -3.1510621001712114,
    "lap::HARD::35": -2.8015031347335406,
    "lap::HARD::36": -2.4978037123673817,
    "lap::HARD::37": -2.025958885921774,
    "lap::HARD::38": -1.481458407683764,
    "lap::HARD::39": -1.2646511221257728,
    "lap::HARD::4": -1.3136102709067357,
    "lap::HARD::40": -0.9957180101179535,
    "lap::HARD::41": -0.6398319526127271,
    "lap::HARD::42": -0.13386043134620035,
    "lap::HARD::43": -0.1348980987471351,
    "lap::HARD::44": 0.24357796840821297,
    "lap::HARD::45": 0.44286428188832233,
    "lap::HARD::46": 0.9778782450419098,
    "lap::HARD::47": 0.9226939887503453,
    "lap::HARD::48": 0.8854992757417937,
    "lap::HARD::49": 0.7553225574536764,
    "lap::HARD::5": -1.3223938407584712,
    "lap::HARD::50": 3.141409338707413,
    "lap::HARD::6": -1.4078991846228923,
    "lap::HARD::7": -1.9425214303698557,
    "lap::HARD::8": -3.6498717242231398,
    "lap::HARD::9": -4.33031719775147,
    "lap::MEDIUM::1": 0.10078138094371966,
    "lap::MEDIUM::10": -5.356078772528737,
    "lap::MEDIUM::11": -4.98811149923863,
    "lap::MEDIUM::12": -5.541665086523506,
    "lap::MEDIUM::13": -6.0021482494986405,
    "lap::MEDIUM::14": -6.1911935782616405,
    "lap::MEDIUM::15": -5.25058907565178,
    "lap::MEDIUM::16": -5.4856574056386025,
    "lap::MEDIUM::17": -5.1304654889997146,
    "lap::MEDIUM::18": -5.626743473125502,
    "lap::MEDIUM::19": -4.717518012485146,
    "lap::MEDIUM::2": 0.09854976753076343,
    "lap::MEDIUM::20": -6.280477828963332,
    "lap::MEDIUM::21": -4.862856424600629,
    "lap::MEDIUM::22": -3.7078168470251973,
    "lap::MEDIUM::23": -2.811486424175119,
    "lap::MEDIUM::24": -2.1221017143091685,
    "lap::MEDIUM::25": -1.5735749153118743,
    "lap::MEDIUM::26": -1.3368607801261934,
    "lap::MEDIUM::27": -0.08710536045037184,
    "lap::MEDIUM::28": 0.7258800133135219,
    "lap::MEDIUM::29": 0.7966148461138586,
    "lap::MEDIUM::3": 0.07086522097431436,
    "lap::MEDIUM::30": 1.4073656036661926,
    "lap::MEDIUM::31": 1.6771977149797788,
    "lap::MEDIUM::32": 2.0712977920508924,
    "lap::MEDIUM::33": 4.403656580590488,
    "lap::MEDIUM::34": 3.7657502599354045,
    "lap::MEDIUM::35": 4.435390046343135,
    "lap::MEDIUM::36": 4.669228770936065,
    "lap::MEDIUM::37": 5.70414713158575,
    "lap::MEDIUM::38": 5.056127668397282,
    "lap::MEDIUM::39": 5.899293805650284,
    "lap::MEDIUM::4": -0.16063272996779093,
    "lap::MEDIUM::40": 6.882779973001892,
    "lap::MEDIUM::41": 6.903091187834912,
    "lap::MEDIUM::42": 5.802734970184941,
    "lap::MEDIUM::43": 7.114224599363051,
    "lap::MEDIUM::44": 6.7289535442270125,
    "lap::MEDIUM::45": 6.774376561235496,
    "lap::MEDIUM::46": 6.588887040465606,
    "lap::MEDIUM::47": 7.280258059864677,
    "lap::MEDIUM::48": 6.149590189904509,
    "lap::MEDIUM::49": 6.802920877277044,
    "lap::MEDIUM::5": -1.440524042948784,
    "lap::MEDIUM::50": 7.41280094517154,
    "lap::MEDIUM::6": -5.055539762085596,
    "lap::MEDIUM::7": -5.009294157462054,
    "lap::MEDIUM::8": -5.056916643248736,
    "lap::MEDIUM::9": -5.086991757326267,
    "lap::SOFT::1": -0.7290681962621355,
    "lap::SOFT::10": -5.480780966815026,
    "lap::SOFT::11": -4.006202682514502,
    "lap::SOFT::12": -3.67988373685618,
    "lap::SOFT::13": -1.7842192038477065,
    "lap::SOFT::14": -0.3035103623476975,
    "lap::SOFT::15": 1.1027156044377562,
    "lap::SOFT::16": 2.2465120811551063,
    "lap::SOFT::17": 3.720713864128473,
    "lap::SOFT::18": 3.780044719390087,
    "lap::SOFT::19": 6.046425640699992,
    "lap::SOFT::2": -0.7315044797064852,
    "lap::SOFT::20": 6.463892589593949,
    "lap::SOFT::21": 9.012352993013867,
    "lap::SOFT::22": 8.32737120218655,
    "lap::SOFT::23": 9.929276449889782,
    "lap::SOFT::24": 12.276968133891549,
    "lap::SOFT::25": 10.385041297433238,
    "lap::SOFT::26": 10.71619113261114,
    "lap::SOFT::27": 10.915570920256144,
    "lap::SOFT::28": 9.92976261115158,
    "lap::SOFT::29": 10.55709123273967,
    "lap::SOFT::3": -0.7629980502024174,
    "lap::SOFT::30": 11.629041742710656,
    "lap::SOFT::31": 10.908113157327428,
    "lap::SOFT::32": 10.7650014890494,
    "lap::SOFT::33": 10.457485135786435,
    "lap::SOFT::34": 11.222293543761957,
    "lap::SOFT::35": 11.187249430248457,
    "lap::SOFT::36": 10.563907282929646,
    "lap::SOFT::37": 10.122439004967722,
    "lap::SOFT::38": 10.443349007441597,
    "lap::SOFT::39": 10.220516993005303,
    "lap::SOFT::4": -1.0285248487442624,
    "lap::SOFT::40": 8.274458019138615,
    "lap::SOFT::41": 5.988737852079862,
    "lap::SOFT::42": 5.128992996316968,
    "lap::SOFT::43": 3.9978433058137175,
    "lap::SOFT::44": 3.216977799806367,
    "lap::SOFT::45": 3.096564627837443,
    "lap::SOFT::46": 2.561950033213401,
    "lap::SOFT::47": 2.1165938870132384,
    "lap::SOFT::48": 2.076610902089831,
    "lap::SOFT::49": 1.2213245431457345,
    "lap::SOFT::5": -2.4959985875170716,
    "lap::SOFT::50": 1.3224873903504513,
    "lap::SOFT::6": -6.667708009004033,
    "lap::SOFT::7": -6.74817717450364,
    "lap::SOFT::8": -6.667467482017914,
    "lap::SOFT::9": -6.0581783502109445,
    "pit_count": -1.8143068015672648,
    "pit_lane_time": -0.12028658912479334,
    "temp::HARD::1": -0.5314801630732074,
    "temp::HARD::10": -0.5063190737575343,
    "temp::HARD::11": -0.35963492101550776,
    "temp::HARD::12": -0.20376896223083163,
    "temp::HARD::13": 0.13528435337066924,
    "temp::HARD::14": -0.02330345445275141,
    "temp::HARD::15": 0.06519466738938881,
    "temp::HARD::16": -0.005737435477279659,
    "temp::HARD::17": -0.20424951307080869,
    "temp::HARD::18": -0.2121327757848644,
    "temp::HARD::19": -0.14504060008522765,
    "temp::HARD::2": -0.5314802520098593,
    "temp::HARD::20": 0.00674539440586177,
    "temp::HARD::21": 0.017920758148063747,
    "temp::HARD::22": -0.20682607540831058,
    "temp::HARD::23": -0.04590208196331035,
    "temp::HARD::24": 0.040525972579702266,
    "temp::HARD::25": 0.07473290043979415,
    "temp::HARD::26": 0.25724639856232434,