{
  "feature_weights": {
    "driver::D001": -0.6512151539776506,
    "driver::D002": -0.5537749089248025,
    "driver::D003": -0.434776162044989,
    "driver::D004": -0.41509488826028096,
    "driver::D005": -0.29908761426231706,
    "driver::D006": -0.21112960621602944,
    "driver::D007": -0.26300821645418576,
    "driver::D008": -0.12402825524481298,
    "driver::D009": -0.17696583563189233,
    "driver::D010": -0.009244869147414483,
    "driver::D011": -0.03470060488952615,
    "driver::D012": -0.007616136539801641,
    "driver::D013": 0.14080460509185133,
    "driver::D014": 0.12306388071832342,
    "driver::D015": 0.304648831693484,
    "driver::D016": 0.4007321150706775,
    "driver::D017": 0.3914483857906906,
    "driver::D018": 0.5191939024988674,
    "driver::D019": 0.6059200676416368,
    "driver::D020": 0.6888654732772266,
    "lap::HARD::1": -1.3130329872065918,
    "lap::HARD::10": -4.916873096498946,
    "lap::HARD::11": -4.658720468344884,
    "lap::HARD::12": -4.469515932067686,
    "lap::HARD::13": -4.509007870272267,
    "lap::HARD::14": -4.380777876779277,
    "lap::HARD::15": -4.481178640495488,
    "lap::HARD::16": -4.619693544955981,
    "lap::HARD::17": -4.588145435970771,
    "lap::HARD::18": -4.509863918036693,
    "lap::HARD::19": -4.494229342244714,
    "lap::HARD::2": -1.3130348473630846,
    "lap::HARD::20": -4.493670267519854,
    "lap::HARD::21": -4.423342677206378,
    "lap::HARD::22": -4.351832670503876,
    "lap::HARD::23": -4.454541174132434,
    "lap::HARD::24": -4.50428941909885,
    "lap::HARD::25": -4.600921807158135,
    "lap::HARD::26": -4.531543635004971,
    "lap::HARD::27": -4.535464607878801,
    "lap::HARD::28": -4.359464994758066,
    "lap::HARD::29": -4.945985647834562,
    "lap::HARD::3": -1.3130425319086114,
    "lap::HARD::30": -4.672913927292371,
    "lap::HARD::31": -4.47987100308544,
    "lap::HARD::32": -3.790158827863998,
    "lap::HARD::33": -3.212922491982584,
    "lap::HARD::34": -3.320359053480239,
    "lap::HARD::35": -2.91583589422629,
    "lap::HARD::36": -2.5355648247305624,
    "lap::HARD::37": -1.9535566622036928,
    "lap::HARD::38": -1.563820591349649,
    "lap::HARD::39": -1.2015317250162003,
    "lap::HARD::4": -1.3136102709067357,
    "lap::HARD::40": -0.9542511116260495,
    "lap::HARD::41": -0.7189722232271433,
    "lap::HARD::42": -0.12621278665510616,
    "lap::HARD::43": -0.13768494810282383,
    "lap::HARD::44": 0.2311505103755486,
    "lap::HARD::45": 0.43713571647665944,
    "lap::HARD::46": 1.054050136858787,
    "lap::HARD::47": 0.9594069799634753,
    "lap::HARD::48": 0.8854992757417937,
    "lap::HARD::49": 0.7529450289120576,
    "lap::HARD::5": -1.3223938407584712,
    "lap::HARD::50": 3.2684762293771974,
    "lap::HARD::6": -1.4078991846228923,
    "lap::HARD::7": -1.9425214303698557,
    "lap::HARD::8": -3.6498717242231398,
    "lap::HARD::9": -4.33031719775147,
    "lap::MEDIUM::1": 0.10078138094371966,
    "lap::MEDIUM::10": -5.356078772528737,
    "lap::MEDIUM::11": -4.98811149923863,
    "lap::MEDIUM::12": -5.568231188803545,
    "lap::MEDIUM::13": -5.790947763501971,
    "lap::MEDIUM::14": -6.0088136637171985,
    "lap::MEDIUM::15": -5.356208570506507,
    "lap::MEDIUM::16": -5.725743406235448,
    "lap::MEDIUM::17": -5.226949226272733,
    "lap::MEDIUM::18": -5.372867589237813,
    "lap::MEDIUM::19": -4.854731679442554,
    "lap::MEDIUM::2": 0.09854976753076343,
    "lap::MEDIUM::20": -5.122811258813778,
    "lap::MEDIUM::21": -4.367067610970536,
    "lap::MEDIUM::22": -3.78193708736389,
    "lap::MEDIUM::23": -2.899285140585976,
    "lap::MEDIUM::24": -2.243268452457149,
    "lap::MEDIUM::25": -1.5328161534609273,
    "lap::MEDIUM::26": -1.3247892915041772,
    "lap::MEDIUM::27": -0.08710536045037184,
    "lap::MEDIUM::28": 0.7607004328332868,
    "lap::MEDIUM::29": 0.769657207043491,
    "lap::MEDIUM::3": 0.07086522097431436,
    "lap::MEDIUM::30": 1.3353578019949344,
    "lap::MEDIUM::31": 1.8073821945383401,
    "lap::MEDIUM::32": 2.1786098365558244,
    "lap::MEDIUM::33": 4.309989747800041,
    "lap::MEDIUM::34": 3.8841347429686137,
    "lap::MEDIUM::35": 4.167305075324786,
    "lap::MEDIUM::36": 4.910312709830886,
    "lap::MEDIUM::37": 5.703943815802706,
    "lap::MEDIUM::38": 5.447976794724017,
    "lap::MEDIUM::39": 5.826295354894455,
    "lap::MEDIUM::4": -0.16063272996779093,
    "lap::MEDIUM::40": 6.951786814734334,
    "lap::MEDIUM::41": 6.451065598807176,
    "lap::MEDIUM::42": 5.930588145187192,
    "lap::MEDIUM::43": 7.421555021275022,
    "lap::MEDIUM::44": 6.580586978724767,
    "lap::MEDIUM::45": 6.52174305874625,
    "lap::MEDIUM::46": 7.298305770876671,
    "lap::MEDIUM::47": 7.647038414258085,
    "lap::MEDIUM::48": 6.475430340052167,
    "lap::MEDIUM::49": 6.663221796895602,
    "lap::MEDIUM::5": -1.440524042948784,
    "lap::MEDIUM::50": 7.494450701832228,
    "lap::MEDIUM::6": -5.055539762085596,
    "lap::MEDIUM::7": -5.009294157462054,
    "lap::MEDIUM::8": -5.056916643248736,
    "lap::MEDIUM::9": -5.086991757326267,
    "lap::SOFT::1": -0.7290681962621355,
    "lap::SOFT::10": -5.480780966815026,
    "lap::SOFT::11": -4.006202682514502,
    "lap::SOFT::12": -3.463924212433047,
    "lap::SOFT::13": -1.7879732637263321,
    "lap::SOFT::14": -0.3213762014589118,
    "lap::SOFT::15": 1.1590902180816658,
    "lap::SOFT::16": 2.307573078429006,
    "lap::SOFT::17": 3.438130187561264,
    "lap::SOFT::18": 4.107423515856356,
    "lap::SOFT::19": 5.706960082220588,
    "lap::SOFT::2": -0.7315044797064852,
    "lap::SOFT::20": 6.485238566368487,
    "lap::SOFT::21": 8.006607245509667,
    "lap::SOFT::22": 8.634607456491818,
    "lap::SOFT::23": 9.430184310657408,
    "lap::SOFT::24": 11.003443702486452,
    "lap::SOFT::25": 10.48632204251109,
    "lap::SOFT::26": 10.632358695211767,
    "lap::SOFT::27": 10.847513422465235,
    "lap::SOFT::28": 10.64087117511867,
    "lap::SOFT::29": 11.126851827752427,
    "lap::SOFT::3": -0.7629980502024174,
    "lap::SOFT::30": 11.11809813668821,
    "lap::SOFT::31": 11.005421601681837,
    "lap::SOFT::32": 11.030049987637673,
    "lap::SOFT::33": 11.028496261097004,
    "lap::SOFT::34": 11.552407899908369,
    "lap::SOFT::35": 10.999280910523119,
    "lap::SOFT::36": 10.505455768869044,
    "lap::SOFT::37": 10.409824965515584,
    "lap::SOFT::38": 10.054722698774478,
    "lap::SOFT::39": 9.486278506647526,
    "lap::SOFT::4": -1.0285248487442624,
    "lap::SOFT::40": 7.842461370901599,
    "lap::SOFT::41": 6.210093256628056,
    "lap::SOFT::42": 4.7857902211198775,
    "lap::SOFT::43": 3.988501987108454,
    "lap::SOFT::44": 3.5247279739351374,
    "lap::SOFT::45": 3.160988009347426,
    "lap::SOFT::46": 2.5508945465483706,
    "lap::SOFT::47": 2.115067804162193,
    "lap::SOFT::48": 1.7405454572217463,
    "lap::SOFT::49": 1.2213245431457345,
    "lap::SOFT::5": -2.4959985875170716,
    "lap::SOFT::50": 1.3224873903504513,
    "lap::SOFT::6": -6.667708009004033,
    "lap::SOFT::7": -6.74817717450364,
    "lap::SOFT::8": -6.667467482017914,
    "lap::SOFT::9": -6.0581783502109445,
    "pit_count": -1.8142651317097709,
    "pit_lane_time": -0.13850382615016324,
    "temp::HARD::1": -0.5314801630732074,
    "temp::HARD::10": -0.5063190737575343,
    "temp::HARD::11": -0.35963492101550776,
    "temp::HARD::12": -0.20376896223083163,
    "temp::HARD::13": 0.12341646176793375,
    "temp::HARD::14": -0.028336454939345137,
    "temp::HARD::15": 0.07773384758990795,
    "temp::HARD::16": -0.004528516783654641,
    "temp::HARD::17": -0.17994085475533061,
    "temp::HARD::18": -0.22497646654286552,
    "temp::HARD::19": -0.1324496563728287,
    "temp::HARD::2": -0.5314802520098593,
    "temp::HARD::20": 0.005898792176728298,
    "temp::HARD::21": 0.012025496783288361,
    "temp::HARD::22": -0.19691020346471677,
    "temp::HARD::23": -0.05153239645086965,
    "temp::HARD::24": 0.03499763183994298,
    "temp::HARD::25": 0.07877679091133609,
    "temp::HARD::26": 0.2537626177594508,