{
  "feature_weights": {
    "driver::D001": -0.6516757851477114,
    "driver::D002": -0.5541791898022951,
    "driver::D003": -0.43515170762168365,
    "driver::D004": -0.41571783812679547,
    "driver::D005": -0.29923632060970284,
    "driver::D006": -0.21142224758125164,
    "driver::D007": -0.2631555960109951,
    "driver::D008": -0.12400785839986349,
    "driver::D009": -0.1772237053685688,
    "driver::D010": -0.009038333875225547,
    "driver::D011": -0.034774539310232375,
    "driver::D012": -0.007618882263711013,
    "driver::D013": 0.1405662587076779,
    "driver::D014": 0.12332406195512244,
    "driver::D015": 0.3047862115832853,
    "driver::D016": 0.40096369993491876,
    "driver::D017": 0.39209157269479156,
    "driver::D018": 0.519559051444333,
    "driver::D019": 0.6064292630797475,
    "driver::D020": 0.6895119749281767,
    "lap::HARD::1": -1.2716039014834497,
    "lap::HARD::10": -4.982141091201928,
    "lap::HARD::11": -4.680335463534886,
    "lap::HARD::12": -4.491445995241112,
    "lap::HARD::13": -4.535289261081507,
    "lap::HARD::14": -4.39894571727157,
    "lap::HARD::15": -4.501216169385865,
    "lap::HARD::16": -4.652545417260833,
    "lap::HARD::17": -4.6113087440083085,
    "lap::HARD::18": -4.533969035095606,
    "lap::HARD::19": -4.5175644478152455,
    "lap::HARD::2": -1.2716097802902369,
    "lap::HARD::20": -4.518023340240253,
    "lap::HARD::21": -4.447455618938222,
    "lap::HARD::22": -4.369240632286026,
    "lap::HARD::23": -4.481742678229515,
    "lap::HARD::24": -4.524702773626156,
    "lap::HARD::25": -4.630396486507041,
    "lap::HARD::26": -4.55543805059297,
    "lap::HARD::27": -4.559521195254198,
    "lap::HARD::28": -4.347378036620663,
    "lap::HARD::29": -5.005262313729412,
    "lap::HARD::3": -1.2715921952245606,
    "lap::HARD::30": -4.696898768534759,
    "lap::HARD::31": -4.503724735688402,
    "lap::HARD::32": -3.8137868182159345,
    "lap::HARD::33": -3.2271257466002146,
    "lap::HARD::34": -3.3506875634644717,
    "lap::HARD::35": -2.9359945127928233,
    "lap::HARD::36": -2.55614815296621,
    "lap::HARD::37": -1.974071666178573,
    "lap::HARD::38": -1.583991076319688,
    "lap::HARD::39": -1.2201850060090165,
    "lap::HARD::4": -1.2716209799772074,
    "lap::HARD::40": -0.9728362700932196,
    "lap::HARD::41": -0.7379947415980882,
    "lap::HARD::42": -0.14294678835685187,
    "lap::HARD::43": -0.15744137467499164,
    "lap::HARD::44": 0.21570102178179681,
    "lap::HARD::45": 0.416578667644821,
    "lap::HARD::46": 1.0629415024145774,
    "lap::HARD::47": 0.9248978768820024,
    "lap::HARD::48": 0.8866378942926054,
    "lap::HARD::49": 0.7168819430387302,
    "lap::HARD::5": -1.2725939088948517,
    "lap::HARD::50": 3.2584204246838397,
    "lap::HARD::6": -1.2947590534697397,
    "lap::HARD::7": -1.6055719092045926,
    "lap::HARD::8": -3.749830417425993,
    "lap::HARD::9": -4.351237207183269,
    "lap::MEDIUM::1": 0.06956043792613126,
    "lap::MEDIUM::10": -5.396727231677636,
    "lap::MEDIUM::11": -4.978827486340035,
    "lap::MEDIUM::12": -5.612906384741814,
    "lap::MEDIUM::13": -5.814738769347854,
    "lap::MEDIUM::14": -6.047382620784774,
    "lap::MEDIUM::15": -5.358587723320292,
    "lap::MEDIUM::16": -5.772167437115868,
    "lap::MEDIUM::17": -5.24285878396776,
    "lap::MEDIUM::18": -5.406126254624464,
    "lap::MEDIUM::19": -4.8618831254214365,
    "lap::MEDIUM::2": 0.06943467677165864,
    "lap::MEDIUM::20": -5.165723188182994,
    "lap::MEDIUM::21": -4.389273522123661,
    "lap::MEDIUM::22": -3.8064229018547584,
    "lap::MEDIUM::23": -2.920366823178115,
    "lap::MEDIUM::24": -2.263658750390249,
    "lap::MEDIUM::25": -1.552746232252048,
    "lap::MEDIUM::26": -1.344428884874492,
    "lap::MEDIUM::27": -0.10566875157065873,
    "lap::MEDIUM::28": 0.7441614822801599,
    "lap::MEDIUM::29": 0.754241984281315,
    "lap::MEDIUM::3": 0.06617814247882152,
    "lap::MEDIUM::30": 1.3197250929978186,
    "lap::MEDIUM::31": 1.793795847332477,
    "lap::MEDIUM::32": 2.1599414254831277,
    "lap::MEDIUM::33": 4.353271859468887,
    "lap::MEDIUM::34": 3.8090558226953526,
    "lap::MEDIUM::35": 4.169361088398911,
    "lap::MEDIUM::36": 4.897961411403077,
    "lap::MEDIUM::37": 5.748813529752573,
    "lap::MEDIUM::38": 5.387636414817631,
    "lap::MEDIUM::39": 5.8361306064127,
    "lap::MEDIUM::4": 0.004452106436391098,
    "lap::MEDIUM::40": 7.00533323963899,
    "lap::MEDIUM::41": 6.455018396596252,
    "lap::MEDIUM::42": 5.807700543624617,
    "lap::MEDIUM::43": 7.557727437069666,
    "lap::MEDIUM::44": 6.455159697052207,
    "lap::MEDIUM::45": 6.515775970095334,
    "lap::MEDIUM::46": 7.2764013751554675,
    "lap::MEDIUM::47": 7.865069623671563,
    "lap::MEDIUM::48": 6.2587821116631845,
    "lap::MEDIUM::49": 6.65781872009709,
    "lap::MEDIUM::5": -0.7421657800728987,
    "lap::MEDIUM::50": 7.496706199090325,
    "lap::MEDIUM::6": -5.280725429769475,
    "lap::MEDIUM::7": -5.028881805627972,
    "lap::MEDIUM::8": -5.085208618351915,
    "lap::MEDIUM::9": -5.093750149319478,
    "lap::SOFT::1": -0.7833043235397235,
    "lap::SOFT::10": -5.50627128574572,
    "lap::SOFT::11": -4.030409239317416,
    "lap::SOFT::12": -3.4852018097169815,
    "lap::SOFT::13": -1.8076953506775684,
    "lap::SOFT::14": -0.33939769263938824,
    "lap::SOFT::15": 1.1431609379141303,
    "lap::SOFT::16": 2.293481166071133,
    "lap::SOFT::17": 3.4253093225906968,
    "lap::SOFT::18": 4.096528280979736,
    "lap::SOFT::19": 5.699041905259709,
    "lap::SOFT::2": -0.7834300004680949,
    "lap::SOFT::20": 6.4770909253309155,
    "lap::SOFT::21": 8.005384694329019,
    "lap::SOFT::22": 8.63321325399345,
    "lap::SOFT::23": 9.414415793630399,
    "lap::SOFT::24": 11.097423168904522,
    "lap::SOFT::25": 10.40543895359577,
    "lap::SOFT::26": 10.637071966897867,
    "lap::SOFT::27": 10.879797514509269,
    "lap::SOFT::28": 10.599373976799477,
    "lap::SOFT::29": 11.158128138976046,
    "lap::SOFT::3": -0.7870594651541867,
    "lap::SOFT::30": 11.129089717145082,
    "lap::SOFT::31": 10.963323111396098,
    "lap::SOFT::32": 11.04091875960979,
    "lap::SOFT::33": 11.015204635381826,
    "lap::SOFT::34": 11.649449921518793,
    "lap::SOFT::35": 11.04958499326748,
    "lap::SOFT::36": 10.383264386376032,
    "lap::SOFT::37": 10.457430631512304,
    "lap::SOFT::38": 10.07478369181985,
    "lap::SOFT::39": 9.67563171222858,
    "lap::SOFT::4": -0.8573507806719595,
    "lap::SOFT::40": 7.847868894540642,
    "lap::SOFT::41": 6.186868590937623,
    "lap::SOFT::42": 4.652600886664347,
    "lap::SOFT::43": 3.9249435589258295,
    "lap::SOFT::44": 3.481463236484193,
    "lap::SOFT::45": 3.2151753372240837,
    "lap::SOFT::46": 2.5057434273413537,
    "lap::SOFT::47": 2.0971520431898982,
    "lap::SOFT::48": 1.7789488554731707,
    "lap::SOFT::49": 1.084416646023643,
    "lap::SOFT::5": -1.7107351864047509,
    "lap::SOFT::50": 1.3212813864889115,
    "lap::SOFT::6": -6.91532934872899,
    "lap::SOFT::7": -6.782063716222711,
    "lap::SOFT::8": -6.693513454800829,
    "lap::SOFT::9": -6.08364483334859,
    "pit_count": -1.8576582001692337,
    "pit_lane_time": -0.16680386318698617,
    "temp::HARD::1": -0.532533814377559,
    "temp::HARD::10": -0.530441436542476,
    "temp::HARD::11": -0.3591638240065914,
    "temp::HARD::12": -0.20439865694422948,
    "temp::HARD::13": 0.14189291895240813,
    "temp::HARD::14": -0.04648600111163299,
    "temp::HARD::15": 0.08405099685929657,
    "temp::HARD::16": 0.014732085284264103,
    "temp::HARD::17": -0.19914964790474443,
    "temp::HARD::18": -0.22726763897207414,
    "temp::HARD::19": -0.13202106599106395,
    "temp::HARD::2": -0.5325339337551345,
    "temp::HARD::20": 0.005934665682826593,
    "temp::HARD::21": 0.03737636040951698,
    "temp::HARD::22": -0.22438855520998494,
    "temp::HARD::23": -0.046705425506416695,
    "temp::HARD::24": 0.03526234044360956,
    "temp::HARD::25": 0.07550045640861526,
    "temp::HARD::26": 0.2774829285560638,