{
  "feature_weights": {
    "ages2_hard": 4.042376082636877,
    "ages2_medium": 7.746646694372193,
    "ages2_soft": 3.7523333221742137,
    "ages_hard": 2.675614120222759,
    "ages_medium": 5.664472419895035,
    "ages_soft": 4.346101293352775,
    "drv_D001": 0.08097897881035422,
    "drv_D002": -0.17376203311691366,
    "drv_D003": -0.21930560000632965,
    "drv_D004": 0.10401529818912475,
    "drv_D005": -0.27176074150477514,
    "drv_D006": -0.7078591614505455,
    "drv_D007": 0.06609011898045102,
    "drv_D008": 0.40272453183879653,
    "drv_D009": -0.36025057188341836,
    "drv_D010": 0.7300108817558215,
    "drv_D011": 0.01078562099134923,
    "drv_D012": -0.5164516205372391,
    "drv_D013": -0.2517281600460902,
    "drv_D014": 0.2765779419810248,
    "drv_D015": 0.38196660688715667,
    "drv_D016": 0.008824052739212373,
    "drv_D017": 0.01898274637322588,
    "drv_D018": -0.41336275524003996,
    "drv_D019": 0.3019656014250007,
    "drv_D020": 0.031204012888375966,
    "lapidx2_hard": 0.9242912438420435,
    "lapidx2_medium": -0.27840108903238786,
    "lapidx2_soft": -0.6458901548096617,
    "lapidx_hard": -1.848163292238456,
    "lapidx_medium": 0.6002205451931307,
    "lapidx_soft": 1.2479427470453648,
    "laps_hard": 0.16055204066505585,
    "laps_medium": -2.1830240998302224,
    "laps_soft": 2.0224720591651826,
    "maxstint_hard": -2.610301291256853,
    "maxstint_medium": -0.576237335413105,
    "maxstint_soft": 3.8864332057114974,
    "pit_time_stops": -0.7417579334289384,
    "stints_hard": 0.048281956100726574,
    "stints_medium": 3.063562731791362,
    "stints_soft": -4.141931323060871,
    "stops": -1.0300866351687916,
    "temp_ages2_hard": 0.291146459477557,
    "temp_ages2_medium": 0.22817104629468807,
    "temp_ages2_soft": 0.01880605789533241,
    "temp_ages_hard": 0.23415727282679497,
    "temp_ages_medium": 0.2746137473143473,
    "temp_ages_soft": 0.009436755388911018,
    "temp_lapidx2_hard": -0.07448137628973484,
    "temp_lapidx2_medium": 0.02830653656905123,
    "temp_lapidx2_soft": 0.04617483972068512,
    "temp_lapidx_hard": -0.1989559965616013,
    "temp_lapidx_medium": 0.18364778502187673,
    "temp_lapidx_soft": 0.01530821153972528,
    "temp_laps_hard": -0.3362926212666689,
    "temp_laps_medium": 0.3677374015568136,
    "temp_laps_soft": -0.03144478029014393,
    "trk_Bahrain_ages_hard": 2.6490169976629585,
    "trk_Bahrain_ages_medium": 5.754373077017873,
    "trk_Bahrain_ages_soft": 4.194897331558109,
    "trk_Bahrain_lapidx_hard": -1.76019120188932,
    "trk_Bahrain_lapidx_medium": 0.7287863986936194,
    "trk_Bahrain_lapidx_soft": 1.0314048031957113,
    "trk_Bahrain_laps_hard": 0.445430835350083,
    "trk_Bahrain_laps_medium": -1.883750659484336,
    "trk_Bahrain_laps_soft": 1.4383198241342425,
    "trk_COTA_ages_hard": 2.778099864467419,
    "trk_COTA_ages_medium": 5.518948716343715,
    "trk_COTA_ages_soft": 4.251626229022662,
    "trk_COTA_lapidx_hard": -1.328658036697695,
    "trk_COTA_lapidx_medium": 0.2180625068756352,
    "trk_COTA_lapidx_soft": 1.1105955298220482,
    "trk_COTA_laps_hard": -0.0706088505720213,
    "trk_COTA_laps_medium": -1.7246381134071302,
    "trk_COTA_laps_soft": 1.7952469639791215,
    "trk_Monaco_ages_hard": 2.9590938558273527,
    "trk_Monaco_ages_medium": 5.419047453443026,
    "trk_Monaco_ages_soft": 4.408002501166211,
    "trk_Monaco_lapidx_hard": -1.9725645621194599,
    "trk_Monaco_lapidx_medium": 0.3271823698400724,
    "trk_Monaco_lapidx_soft": 1.645382192279398,
    "trk_Monaco_laps_hard": 0.1140952555711003,
    "trk_Monaco_laps_medium": -2.187097425330566,
    "trk_Monaco_laps_soft": 2.0730021697594663,
    "trk_Monza_ages_hard": 2.3937825719201986,
    "trk_Monza_ages_medium": 5.432021710573236,
    "trk_Monza_ages_soft": 4.222322144789306,
    "trk_Monza_lapidx_hard": -2.158191074076156,
    "trk_Monza_lapidx_medium": 0.6607131579255094,
    "trk_Monza_lapidx_soft": 1.4974779161506826,
    "trk_Monza_laps_hard": 0.734660186720099,
    "trk_Monza_laps_medium": -2.209512593381101,
    "trk_Monza_laps_soft": 1.4748524066610222,
    "trk_Silverstone_ages_hard": 2.658069511237898,
    "trk_Silverstone_ages_medium": 5.7509989385881095,
    "trk_Silverstone_ages_soft": 4.219831411449972,
    "trk_Silverstone_lapidx_hard": -1.8268517364941101,
    "trk_Silverstone_lapidx_medium": 0.21016877799971423,
    "trk_Silverstone_lapidx_soft": 1.616682958494408,
    "trk_Silverstone_laps_hard": 0.4751615121568943,
    "trk_Silverstone_laps_medium": -2.256955061295941,
    "trk_Silverstone_laps_soft": 1.781793549139052,
    "trk_Spa_ages_hard": 3.0126098208804213,
    "trk_Spa_ages_medium": 5.494981864966524,
    "trk_Spa_ages_soft": 4.324282297093964,
    "trk_Spa_lapidx_hard": -2.1046408100086302,
    "trk_Spa_lapidx_medium": 0.34045582018240833,
    "trk_Spa_lapidx_soft": 1.7641849898262119,
    "trk_Spa_laps_hard": 0.36425108789505745,
    "trk_Spa_laps_medium": -2.1849295662067107,
    "trk_Spa_laps_soft": 1.8206784783116792,
    "trk_Suzuka_ages_hard": 2.9566000557759273,
    "trk_Suzuka_ages_medium": 5.077420178770965,
    "trk_Suzuka_ages_soft": 4.315595939923759,
    "trk_Suzuka_lapidx_hard": -1.8440475604985915,
    "trk_Suzuka_lapidx_medium": 0.2805722760690988,
    "trk_Suzuka_lapidx_soft": 1.563475284429495,
    "trk_Suzuka_laps_hard": 0.731294459045255,
    "trk_Suzuka_laps_medium": -2.7438704791823194,
    "trk_Suzuka_laps_soft": 2.0125760201370686
  },
  "feature_scales": {
    "laps": 100.0,
    "ages": 5000.0,
    "ages2": 200000.0,
    "lapidx": 3500.0,
    "lapidx2": 250000.0,
    "stops": 6.0,
    "pit_time_stops": 180.0,
    "max_stint": 70.0,
    "temp_norm": 15.0
  },
  "metadata": {
    "model": "pairwise_logistic_sparse_v3",
    "trained_on_races": 30000,
    "train_races": 25500,
    "val_races": 4500,
    "epochs": 12,
    "pairs_per_race": 140,
    "seed": 42,
    "train_pair_rate": 69.2641898864809,
    "val_pair_rate": 69.29836257309941
  }
}