{
  "feature_weights": {
    "driver::D001": -0.6521338632504644,
    "driver::D002": -0.5546034527597338,
    "driver::D003": -0.4354699832554252,
    "driver::D004": -0.4164157878506917,
    "driver::D005": -0.2993294623754122,
    "driver::D006": -0.21166047994907494,
    "driver::D007": -0.26329411477227843,
    "driver::D008": -0.12398246870686118,
    "driver::D009": -0.1775271901078612,
    "driver::D010": -0.008773501525215426,
    "driver::D011": -0.0348563409933594,
    "driver::D012": -0.007635184622006432,
    "driver::D013": 0.14042273037686193,
    "driver::D014": 0.12357386601664697,
    "driver::D015": 0.30489692086300324,
    "driver::D016": 0.40114575503032096,
    "driver::D017": 0.3926864845382405,
    "driver::D018": 0.5199270990943833,
    "driver::D019": 0.6069116608558028,
    "driver::D020": 0.6901429708115874,
    "lap::HARD::1": -1.2328834772484614,
    "lap::HARD::10": -5.035191935749047,
    "lap::HARD::11": -4.700224139081023,
    "lap::HARD::12": -4.511624006078042,
    "lap::HARD::13": -4.558824263983704,
    "lap::HARD::14": -4.415960267983865,
    "lap::HARD::15": -4.520037278335118,
    "lap::HARD::16": -4.681004292087665,
    "lap::HARD::17": -4.632250643893378,
    "lap::HARD::18": -4.555854710167487,
    "lap::HARD::19": -4.538497144553954,
    "lap::HARD::2": -1.232897010773972,
    "lap::HARD::20": -4.540409221480204,
    "lap::HARD::21": -4.4693892439274325,
    "lap::HARD::22": -4.38571244947568,
    "lap::HARD::23": -4.506594379456434,
    "lap::HARD::24": -4.543392118388815,
    "lap::HARD::25": -4.656323726261411,
    "lap::HARD::26": -4.577253485453825,
    "lap::HARD::27": -4.581269255098059,
    "lap::HARD::28": -4.340389851077397,
    "lap::HARD::29": -5.055143750728677,
    "lap::HARD::3": -1.2328734338069112,
    "lap::HARD::30": -4.71877495236748,
    "lap::HARD::31": -4.5254400744060845,
    "lap::HARD::32": -3.8352140965135733,
    "lap::HARD::33": -3.240622420845767,
    "lap::HARD::34": -3.377601783087496,
    "lap::HARD::35": -2.9543304033583513,
    "lap::HARD::36": -2.574950540609114,
    "lap::HARD::37": -1.9925942837107984,
    "lap::HARD::38": -1.6022829284042341,
    "lap::HARD::39": -1.237032085476897,
    "lap::HARD::4": -1.2328796653164498,
    "lap::HARD::40": -0.9896064531454148,
    "lap::HARD::41": -0.7552630738045156,
    "lap::HARD::42": -0.15802087121866004,
    "lap::HARD::43": -0.17534798671448804,
    "lap::HARD::44": 0.20170665900846704,
    "lap::HARD::45": 0.39782645530241423,
    "lap::HARD::46": 1.0814392686976795,
    "lap::HARD::47": 0.8730719553059004,
    "lap::HARD::48": 0.9011408418876496,
    "lap::HARD::49": 0.6830966575036569,
    "lap::HARD::5": -1.2328754606312358,
    "lap::HARD::50": 3.2492778024791895,
    "lap::HARD::6": -1.2328754606312358,
    "lap::HARD::7": -1.2328754606312358,
    "lap::HARD::8": -3.8921938224437764,
    "lap::HARD::9": -4.354222076038432,
    "lap::MEDIUM::1": 0.04079636829096131,
    "lap::MEDIUM::10": -5.431889972220377,
    "lap::MEDIUM::11": -4.974124802402099,
    "lap::MEDIUM::12": -5.653619770136779,
    "lap::MEDIUM::13": -5.8350008486073754,
    "lap::MEDIUM::14": -6.079985544302867,
    "lap::MEDIUM::15": -5.363376019350836,
    "lap::MEDIUM::16": -5.811803660674014,
    "lap::MEDIUM::17": -5.258378147765048,
    "lap::MEDIUM::18": -5.435623972595381,
    "lap::MEDIUM::19": -4.870046133600507,
    "lap::MEDIUM::2": 0.04078123237146204,
    "lap::MEDIUM::20": -5.203126918592952,
    "lap::MEDIUM::21": -4.40986657470509,
    "lap::MEDIUM::22": -3.8287439770645184,
    "lap::MEDIUM::23": -2.939435725558203,
    "lap::MEDIUM::24": -2.2822754369623137,
    "lap::MEDIUM::25": -1.5710796215568557,
    "lap::MEDIUM::26": -1.362293875582999,
    "lap::MEDIUM::27": -0.12238298808421545,
    "lap::MEDIUM::28": 0.7289428372651034,
    "lap::MEDIUM::29": 0.7404412468383441,
    "lap::MEDIUM::3": 0.04076561900402773,
    "lap::MEDIUM::30": 1.3058076841249333,
    "lap::MEDIUM::31": 1.781470697298188,
    "lap::MEDIUM::32": 2.143016604822768,
    "lap::MEDIUM::33": 4.397613806134912,
    "lap::MEDIUM::34": 3.7360044684190266,
    "lap::MEDIUM::35": 4.172114800882008,
    "lap::MEDIUM::36": 4.886492063661731,
    "lap::MEDIUM::37": 5.798163212625805,
    "lap::MEDIUM::38": 5.325747531980086,
    "lap::MEDIUM::39": 5.846517534701768,
    "lap::MEDIUM::4": 0.04077600520413546,
    "lap::MEDIUM::40": 7.051619370403594,
    "lap::MEDIUM::41": 6.45925879185098,
    "lap::MEDIUM::42": 5.698646880790611,
    "lap::MEDIUM::43": 7.696162768036029,
    "lap::MEDIUM::44": 6.316364253184174,
    "lap::MEDIUM::45": 6.520693031532836,
    "lap::MEDIUM::46": 7.255115045635103,
    "lap::MEDIUM::47": 8.09670682384437,
    "lap::MEDIUM::48": 6.023658357158594,
    "lap::MEDIUM::49": 6.663729168061254,
    "lap::MEDIUM::5": 0.0407761507602192,
    "lap::MEDIUM::50": 7.497465595538538,
    "lap::MEDIUM::6": -5.5015092748545875,
    "lap::MEDIUM::7": -5.046583919925575,
    "lap::MEDIUM::8": -5.110880462741956,
    "lap::MEDIUM::9": -5.101538844354649,
    "lap::SOFT::1": -0.831920395740799,
    "lap::SOFT::10": -5.529450533934451,
    "lap::SOFT::11": -4.052365261240829,
    "lap::SOFT::12": -3.5044424706492254,
    "lap::SOFT::13": -1.8255030071333895,
    "lap::SOFT::14": -0.35565927654883744,
    "lap::SOFT::15": 1.1289009913844281,
    "lap::SOFT::16": 2.2809794852599232,
    "lap::SOFT::17": 3.413750738699646,
    "lap::SOFT::18": 4.086694102340366,
    "lap::SOFT::19": 5.69203534391325,
    "lap::SOFT::2": -0.8319229204814867,
    "lap::SOFT::20": 6.470150999660883,
    "lap::SOFT::21": 8.005001614572747,
    "lap::SOFT::22": 8.632048824535323,
    "lap::SOFT::23": 9.399760826325394,
    "lap::SOFT::24": 11.193084070127089,
    "lap::SOFT::25": 10.319592503403936,
    "lap::SOFT::26": 10.647184397523404,
    "lap::SOFT::27": 10.914872664444237,
    "lap::SOFT::28": 10.556195501288274,
    "lap::SOFT::29": 11.188877575658761,
    "lap::SOFT::3": -0.8319423075849542,
    "lap::SOFT::30": 11.142235697345468,
    "lap::SOFT::31": 10.920335485309984,
    "lap::SOFT::32": 11.05559596536751,
    "lap::SOFT::33": 11.000071238027319,
    "lap::SOFT::34": 11.728370758024294,
    "lap::SOFT::35": 11.112629938817463,
    "lap::SOFT::36": 10.240610662360146,
    "lap::SOFT::37": 10.523092063973765,
    "lap::SOFT::38": 10.058819205483724,
    "lap::SOFT::39": 9.871954458602538,
    "lap::SOFT::4": -0.8319342278462339,
    "lap::SOFT::40": 7.812557937855203,
    "lap::SOFT::41": 6.188122248499643,
    "lap::SOFT::42": 4.513272667360686,
    "lap::SOFT::43": 3.9020176072314303,
    "lap::SOFT::44": 3.4282120953554958,
    "lap::SOFT::45": 3.3020410816685692,
    "lap::SOFT::46": 2.4342702234479257,
    "lap::SOFT::47": 2.0846687854488453,
    "lap::SOFT::48": 1.8499764162264976,
    "lap::SOFT::49": 0.9503144739660337,
    "lap::SOFT::5": -0.8319275489706647,
    "lap::SOFT::50": 1.3197975389321488,
    "lap::SOFT::6": -7.165112927087435,
    "lap::SOFT::7": -6.804774277480511,
    "lap::SOFT::8": -6.717139459510447,
    "lap::SOFT::9": -6.106746017011109,
    "pit_count": -1.8956007832380328,
    "pit_lane_time": -0.19224442834008218,
    "temp::HARD::1": -0.5334757755069558,
    "temp::HARD::10": -0.5612016210287344,
    "temp::HARD::11": -0.358301188684647,
    "temp::HARD::12": -0.20525971225652925,
    "temp::HARD::13": 0.15936207667879027,
    "temp::HARD::14": -0.0636672216869971,
    "temp::HARD::15": 0.0876472526904377,
    "temp::HARD::16": 0.03549819402141384,
    "temp::HARD::17": -0.22025598279892533,
    "temp::HARD::18": -0.22690001473274102,
    "temp::HARD::19": -0.13152127123692176,
    "temp::HARD::2": -0.5334759042217627,
    "temp::HARD::20": 0.004407114907233361,
    "temp::HARD::21": 0.06285810050175718,
    "temp::HARD::22": -0.25094543938018915,
    "temp::HARD::23": -0.04255926577991231,
    "temp::HARD::24": 0.03543474849996667,
    "temp::HARD::25": 0.07251313357572227,
    "temp::HARD::26": 0.3005843195572991,