{
  "feature_weights": {
    "driver::D001": -0.9558890488391567,
    "driver::D002": -0.8041105676405059,
    "driver::D003": -0.5255268132780322,
    "driver::D004": -0.38805015187318315,
    "driver::D005": -0.549387757867291,
    "driver::D006": -0.5013675746850013,
    "driver::D007": -0.27683910703100034,
    "driver::D008": -0.30909150689362547,
    "driver::D009": -0.40135652985033493,
    "driver::D010": -0.1729121910344125,
    "driver::D011": -0.1965283189481195,
    "driver::D012": 0.2723210578737663,
    "driver::D013": 0.49839490960086913,
    "driver::D014": 0.4909815693190412,
    "driver::D015": 0.06709454698332104,
    "driver::D016": 0.20100010205268978,
    "driver::D017": 0.7025242946757038,
    "driver::D018": 0.5475459826921795,
    "driver::D019": 1.0383524530587906,
    "driver::D020": 1.2050344309263326,
    "lap::HARD::1": 1.3512781357555421,
    "lap::HARD::10": -0.9410001992244176,
    "lap::HARD::11": -1.5862616068004072,
    "lap::HARD::12": -1.6973899986941654,
    "lap::HARD::13": -1.2483586061859466,
    "lap::HARD::14": -1.2104047049723474,
    "lap::HARD::15": -1.2116225138104493,
    "lap::HARD::16": -1.6145028146444227,
    "lap::HARD::17": -1.117702563734739,
    "lap::HARD::18": -1.6143976875736534,
    "lap::HARD::19": -1.5576508143794492,
    "lap::HARD::2": 1.3512781357555421,
    "lap::HARD::20": -1.0187160178838368,
    "lap::HARD::21": -0.9940303724829422,
    "lap::HARD::22": -0.9541790243944437,
    "lap::HARD::23": -1.2230029666284832,
    "lap::HARD::24": -1.0418201677843881,
    "lap::HARD::25": -1.0600241562996875,
    "lap::HARD::26": -1.7025509746502352,
    "lap::HARD::27": -1.072673763408094,
    "lap::HARD::28": -1.1706839350174387,
    "lap::HARD::29": -2.463856293047158,
    "lap::HARD::3": 1.3512781357555421,
    "lap::HARD::30": -1.4606128830230132,
    "lap::HARD::31": -1.0037623356625884,
    "lap::HARD::32": -0.11529382096301512,
    "lap::HARD::33": 0.8850191261745147,
    "lap::HARD::34": 0.35701488848293267,
    "lap::HARD::35": 0.6856001860187325,
    "lap::HARD::36": 1.5459963146400284,
    "lap::HARD::37": 2.567484566576746,
    "lap::HARD::38": 2.3502136285055353,
    "lap::HARD::39": 1.165007927590055,
    "lap::HARD::4": 1.3512781357555421,
    "lap::HARD::40": 6.201998739297098,
    "lap::HARD::5": 1.3512781357555421,
    "lap::HARD::6": 1.3512781357555421,
    "lap::HARD::7": 1.3512781357555421,
    "lap::HARD::8": 0.6340343983493759,
    "lap::HARD::9": -0.02928525909345529,
    "lap::MEDIUM::1": 1.817701236783196,
    "lap::MEDIUM::10": -2.946936677501196,
    "lap::MEDIUM::11": -2.6020720818582834,
    "lap::MEDIUM::12": -3.82592092913387,
    "lap::MEDIUM::13": -4.217834036593432,
    "lap::MEDIUM::14": -4.6466828607791015,
    "lap::MEDIUM::15": -3.4379008602408656,
    "lap::MEDIUM::16": -4.043473149906565,
    "lap::MEDIUM::17": -3.393599531633698,
    "lap::MEDIUM::18": -3.296729502078581,
    "lap::MEDIUM::19": -3.0038272429890576,
    "lap::MEDIUM::2": 1.817701236783196,
    "lap::MEDIUM::20": -2.8504070395548307,
    "lap::MEDIUM::21": -2.0927503160420717,
    "lap::MEDIUM::22": -0.6656069095045117,
    "lap::MEDIUM::23": 0.718709252800343,
    "lap::MEDIUM::24": 1.2274971391822371,
    "lap::MEDIUM::25": 2.049555579214028,
    "lap::MEDIUM::26": 3.1334940237312474,
    "lap::MEDIUM::27": 4.977469028503511,
    "lap::MEDIUM::28": 6.135199062270162,
    "lap::MEDIUM::29": 5.884258987812749,
    "lap::MEDIUM::3": 1.817701236783196,
    "lap::MEDIUM::30": 7.648054147796428,
    "lap::MEDIUM::31": 6.9830544889449175,
    "lap::MEDIUM::32": 7.5017416842040445,
    "lap::MEDIUM::33": 8.612527386924475,
    "lap::MEDIUM::34": 8.020865816818002,
    "lap::MEDIUM::35": 8.152470138285759,
    "lap::MEDIUM::36": 8.238637464579785,
    "lap::MEDIUM::37": 9.040752352514113,
    "lap::MEDIUM::38": 8.720591946014972,
    "lap::MEDIUM::39": 7.374696419044342,
    "lap::MEDIUM::4": 1.817701236783196,
    "lap::MEDIUM::40": 11.050784567621587,
    "lap::MEDIUM::5": 1.817701236783196,
    "lap::MEDIUM::6": -3.1316617127712845,
    "lap::MEDIUM::7": -2.316869297038393,
    "lap::MEDIUM::8": -2.5446946306285505,
    "lap::MEDIUM::9": -2.9722092648484897,
    "lap::SOFT::1": -3.480525467075054,
    "lap::SOFT::10": -5.9985951719238155,
    "lap::SOFT::11": -4.284082828625289,
    "lap::SOFT::12": -3.650660025620286,
    "lap::SOFT::13": -0.8126960344991986,
    "lap::SOFT::14": 1.3516198771440504,
    "lap::SOFT::15": 2.9609943114514907,
    "lap::SOFT::16": 4.642334516369039,
    "lap::SOFT::17": 5.416615026741776,
    "lap::SOFT::18": 6.647619218117132,
    "lap::SOFT::19": 6.982913648982044,
    "lap::SOFT::2": -3.480525467075054,
    "lap::SOFT::20": 6.8877485179505245,
    "lap::SOFT::21": 8.172531357222454,
    "lap::SOFT::22": 8.945013223414591,
    "lap::SOFT::23": 9.733058720648655,
    "lap::SOFT::24": 9.907940164113915,
    "lap::SOFT::25": 11.119566786099865,
    "lap::SOFT::26": 11.027363283906265,
    "lap::SOFT::27": 11.526373883778637,
    "lap::SOFT::28": 11.768628322857207,
    "lap::SOFT::29": 11.881267316651368,
    "lap::SOFT::3": -3.480525467075054,
    "lap::SOFT::30": 10.93456386819167,
    "lap::SOFT::31": 11.163820307229575,
    "lap::SOFT::32": 10.03274717942524,
    "lap::SOFT::33": 11.232721674883388,
    "lap::SOFT::34": 11.666554101716322,
    "lap::SOFT::35": 11.811583932972285,
    "lap::SOFT::36": 10.471007540550582,
    "lap::SOFT::37": 10.143641449798546,
    "lap::SOFT::38": 8.28367311500196,
    "lap::SOFT::39": 7.176530171823701,
    "lap::SOFT::4": -3.480525467075054,
    "lap::SOFT::40": 12.734250713778106,
    "lap::SOFT::5": -3.480525467075054,
    "lap::SOFT::6": -8.853672138139105,
    "lap::SOFT::7": -8.50453868221028,
    "lap::SOFT::8": -8.244284016921391,
    "lap::SOFT::9": -7.293353158482798,
    "phase::HARD::0": -2.3079865471204357,
    "phase::HARD::1": -1.238613735439277,
    "phase::HARD::2": -1.5370060989946452,
    "phase::HARD::3": -1.0999976967366962,
    "phase::HARD::4": -1.2869536023375392,
    "phase::HARD::5": -1.260636866428877,
    "phase::HARD::6": -1.6555852778930509,
    "phase::HARD::7": -1.6850538819802439,
    "phase::MEDIUM::0": -0.9998197067196078,
    "phase::MEDIUM::1": -0.551323059006617,
    "phase::MEDIUM::2": -0.3092626582833829,
    "phase::MEDIUM::3": -0.1834288819392038,
    "phase::MEDIUM::4": -0.3204568970738619,
    "phase::MEDIUM::5": -0.36571871874033757,
    "phase::MEDIUM::6": -0.7110164280446613,
    "phase::MEDIUM::7": -1.0899777720676276,
    "phase::SOFT::0": 3.5601429380131417,
    "phase::SOFT::1": 2.169926386513914,
    "phase::SOFT::2": 3.272480881814353,
    "phase::SOFT::3": 3.5498806425519116,
    "phase::SOFT::4": 3.252375249070395,
    "phase::SOFT::5": 2.423053293559345,
    "phase::SOFT::6": 2.700666569266177,
    "phase::SOFT::7": 2.682698582415735,
    "pit_count": -0.15736468856370656,
    "pit_lane_time": -0.19225573795414488,
    "temp::HARD::1": -0.5563270519385707,
    "temp::HARD::10": -0.4921825616231267,
    "temp::HARD::11": -0.35748823804536123,
    "temp::HARD::12": -0.45117089136788474,
    "temp::HARD::13": -0.1876692159433115,
    "temp::HARD::14": -0.04103202700220562,
    "temp::HARD::15": 0.13289226254991252,
    "temp::HARD::16": -0.2538044483722119,
    "temp::HARD::17": -0.09869065162864055,
    "temp::HARD::18": -0.12643031443910738,
    "temp::HARD::19": -0.33384675230940103,
    "temp::HARD::2": -0.5563270519385707,
    "temp::HARD::20": -0.2148579516417053,
    "temp::HARD::21": -0.1305894844250403,
    "temp::HARD::22": -0.2656335993313909,
    "temp::HARD::23": 0.1407384853568248,
    "temp::HARD::24": 0.1684026087201315,
    "temp::HARD::25": 0.29674748476719837,
    "temp::HARD::26": -0.037868292218125675,
    "temp::HARD::27": -0.10504508559038912,
    "temp::HARD::28": 0.12273997927981783,
    "temp::HARD::29": 0.13881675117639075,
    "temp::HARD::3": -0.5563270519385707,
    "temp::HARD::30": -0.12576301806195403,