{
  "feature_weights": {
    "driver::D001": -0.6514769267581705,
    "driver::D002": -0.5540035714844461,
    "driver::D003": -0.434997894325574,
    "driver::D004": -0.4154389197522611,
    "driver::D005": -0.299179814858022,
    "driver::D006": -0.21130330168488462,
    "driver::D007": -0.26309442068748984,
    "driver::D008": -0.1240179614354272,
    "driver::D009": -0.177108340419657,
    "driver::D010": -0.009133449472151311,
    "driver::D011": -0.03474351046739725,
    "driver::D012": -0.0076155880008451065,
    "driver::D013": 0.1406580502109292,
    "driver::D014": 0.12321377364655382,
    "driver::D015": 0.30473222909476677,
    "driver::D016": 0.40087188407118235,
    "driver::D017": 0.39181529083767025,
    "driver::D018": 0.5194027857942216,
    "driver::D019": 0.6062136970923767,
    "driver::D020": 0.6892381195898537,
    "lap::HARD::1": -1.288941107944356,
    "lap::HARD::10": -4.956125809082341,
    "lap::HARD::11": -4.671346792451984,
    "lap::HARD::12": -4.482301033976558,
    "lap::HARD::13": -4.524432399759946,
    "lap::HARD::14": -4.391338743909147,
    "lap::HARD::15": -4.492807618161756,
    "lap::HARD::16": -4.639117059586621,
    "lap::HARD::17": -4.6017186218353405,
    "lap::HARD::18": -4.523967330815054,
    "lap::HARD::19": -4.5079039472581846,
    "lap::HARD::2": -1.2889448770442227,
    "lap::HARD::20": -4.5078999241902,
    "lap::HARD::21": -4.437450377339888,
    "lap::HARD::22": -4.361933072913835,
    "lap::HARD::23": -4.470428765342889,
    "lap::HARD::24": -4.516219368798684,
    "lap::HARD::25": -4.618297757579367,
    "lap::HARD::26": -4.545513386854531,
    "lap::HARD::27": -4.549554423439272,
    "lap::HARD::28": -4.351846307385098,
    "lap::HARD::29": -4.981215520449667,
    "lap::HARD::3": -1.2889315350062596,
    "lap::HARD::30": -4.686933973010861,
    "lap::HARD::31": -4.49381765355215,
    "lap::HARD::32": -3.803995944011871,
    "lap::HARD::33": -3.221159177517425,
    "lap::HARD::34": -3.3381833247324035,
    "lap::HARD::35": -2.927627222920788,
    "lap::HARD::36": -2.5475940628241953,
    "lap::HARD::37": -1.9655740814064946,
    "lap::HARD::38": -1.5756244715680632,
    "lap::HARD::39": -1.2124592474641314,
    "lap::HARD::4": -1.2890574577595266,
    "lap::HARD::40": -0.9651408751790179,
    "lap::HARD::41": -0.730102912463123,
    "lap::HARD::42": -0.13602274745763634,
    "lap::HARD::43": -0.14924190537500862,
    "lap::HARD::44": 0.22210063897986507,
    "lap::HARD::45": 0.42509534920268893,
    "lap::HARD::46": 1.0581090545662544,
    "lap::HARD::47": 0.9415869149215023,
    "lap::HARD::48": 0.884653675297956,
    "lap::HARD::49": 0.7317777627839576,
    "lap::HARD::5": -1.2920496748177555,
    "lap::HARD::50": 3.2626036527838562,
    "lap::HARD::6": -1.3367128599604003,
    "lap::HARD::7": -1.7540625013196989,
    "lap::HARD::8": -3.7019176449405156,
    "lap::HARD::9": -4.344219396297621,
    "lap::MEDIUM::1": 0.08259201869853458,
    "lap::MEDIUM::10": -5.38010708304765,
    "lap::MEDIUM::11": -4.982165372075387,
    "lap::MEDIUM::12": -5.594281752502707,
    "lap::MEDIUM::13": -5.805075708146623,
    "lap::MEDIUM::14": -6.031766799666225,
    "lap::MEDIUM::15": -5.357237090331568,
    "lap::MEDIUM::16": -5.753257410027689,
    "lap::MEDIUM::17": -5.236109083099051,
    "lap::MEDIUM::18": -5.392430474593807,
    "lap::MEDIUM::19": -4.858694138383048,
    "lap::MEDIUM::2": 0.08206356896763949,
    "lap::MEDIUM::20": -5.1481351562541535,
    "lap::MEDIUM::21": -4.379995204467946,
    "lap::MEDIUM::22": -3.796252026641337,
    "lap::MEDIUM::23": -2.911635638939067,
    "lap::MEDIUM::24": -2.2551842577196193,
    "lap::MEDIUM::25": -1.5444349773335961,
    "lap::MEDIUM::26": -1.3362790174663168,
    "lap::MEDIUM::27": -0.0979903809186107,
    "lap::MEDIUM::28": 0.7510490870576139,
    "lap::MEDIUM::29": 0.760612338057394,
    "lap::MEDIUM::3": 0.07232020480823113,
    "lap::MEDIUM::30": 1.326181092895167,
    "lap::MEDIUM::31": 1.7994365485190165,
    "lap::MEDIUM::32": 2.167691944814547,
    "lap::MEDIUM::33": 4.334522613820837,
    "lap::MEDIUM::34": 3.841001489858791,
    "lap::MEDIUM::35": 4.168371956385987,
    "lap::MEDIUM::36": 4.903140345723617,
    "lap::MEDIUM::37": 5.728882819915829,
    "lap::MEDIUM::38": 5.413800039046111,
    "lap::MEDIUM::39": 5.831823463356635,
    "lap::MEDIUM::4": -0.05055753955383939,
    "lap::MEDIUM::40": 6.9834129776292855,
    "lap::MEDIUM::41": 6.453049727094521,
    "lap::MEDIUM::42": 5.858650547426922,
    "lap::MEDIUM::43": 7.498887171386542,
    "lap::MEDIUM::44": 6.5140706077010195,
    "lap::MEDIUM::45": 6.513499832655165,
    "lap::MEDIUM::46": 7.285822998774582,
    "lap::MEDIUM::47": 7.7697460749715574,
    "lap::MEDIUM::48": 6.354787449362083,
    "lap::MEDIUM::49": 6.6578717891975385,
    "lap::MEDIUM::5": -1.0513434058245106,
    "lap::MEDIUM::50": 7.496087063430035,
    "lap::MEDIUM::6": -5.185492122814514,
    "lap::MEDIUM::7": -5.020770093218793,
    "lap::MEDIUM::8": -5.073457705627536,
    "lap::MEDIUM::9": -5.090740187438174,
    "lap::SOFT::1": -0.7608658520719661,
    "lap::SOFT::10": -5.495687321701527,
    "lap::SOFT::11": -4.02036550070265,
    "lap::SOFT::12": -3.4763858768006917,
    "lap::SOFT::13": -1.7995238329019487,
    "lap::SOFT::14": -0.33193409571156035,
    "lap::SOFT::15": 1.1497436312885263,
    "lap::SOFT::16": 2.2992895794547685,
    "lap::SOFT::17": 3.430616935716631,
    "lap::SOFT::18": 4.101041850076923,
    "lap::SOFT::19": 5.70231479827573,
    "lap::SOFT::2": -0.7614247967257671,
    "lap::SOFT::20": 6.480422433635743,
    "lap::SOFT::21": 8.005797176489326,
    "lap::SOFT::22": 8.633785066588336,
    "lap::SOFT::23": 9.421035313632313,
    "lap::SOFT::24": 11.056856444175587,
    "lap::SOFT::25": 10.440869743916023,
    "lap::SOFT::26": 10.634296553750486,
    "lap::SOFT::27": 10.86560289500703,
    "lap::SOFT::28": 10.61739221943649,
    "lap::SOFT::29": 11.144777915726346,
    "lap::SOFT::3": -0.7723872829830102,
    "lap::SOFT::30": 11.124078473661669,
    "lap::SOFT::31": 10.981473777301064,
    "lap::SOFT::32": 11.035815824861542,
    "lap::SOFT::33": 11.020961640729794,
    "lap::SOFT::34": 11.61018878101539,
    "lap::SOFT::35": 11.026718051668409,
    "lap::SOFT::36": 10.443101781408869,
    "lap::SOFT::37": 10.430737023438802,
    "lap::SOFT::38": 10.070225398886784,
    "lap::SOFT::39": 9.594157350972262,
    "lap::SOFT::4": -0.9128060447303324,
    "lap::SOFT::40": 7.8504820431860525,
    "lap::SOFT::41": 6.1944076663911165,
    "lap::SOFT::42": 4.709913156382421,
    "lap::SOFT::43": 3.947291028185011,
    "lap::SOFT::44": 3.5002877179189142,
    "lap::SOFT::45": 3.1882510292468407,
    "lap::SOFT::46": 2.5276948667012324,
    "lap::SOFT::47": 2.104362887019632,
    "lap::SOFT::48": 1.758074712816024,
    "lap::SOFT::49": 1.1423433565053414,
    "lap::SOFT::5": -2.0583142442729505,
    "lap::SOFT::50": 1.321845536527793,
    "lap::SOFT::6": -6.807109349139747,
    "lap::SOFT::7": -6.771679967318554,
    "lap::SOFT::8": -6.682711145318818,
    "lap::SOFT::9": -6.073080710017852,
    "pit_count": -1.8398524845240996,
    "pit_lane_time": -0.15510140272247888,
    "temp::HARD::1": -0.5321000996757969,
    "temp::HARD::10": -0.5193347481508643,
    "temp::HARD::11": -0.3594177612644329,
    "temp::HARD::12": -0.20409166017474129,
    "temp::HARD::13": 0.13409299479413597,
    "temp::HARD::14": -0.038820727196521104,
    "temp::HARD::15": 0.08173063830143192,
    "temp::HARD::16": 0.006273606880532757,
    "temp::HARD::17": -0.19065561519207905,
    "temp::HARD::18": -0.226672652847821,
    "temp::HARD::19": -0.13223629777189597,
    "temp::HARD::2": -0.532100207043399,
    "temp::HARD::20": 0.006192552043694425,
    "temp::HARD::21": 0.0264613266797177,
    "temp::HARD::22": -0.21272332919077805,
    "temp::HARD::23": -0.04868389125754494,
    "temp::HARD::24": 0.03517875731510834,
    "temp::HARD::25": 0.07686507410121238,
    "temp::HARD::26": 0.26742746420587654,