{
  "feature_weights": {
    "ages2_hard": 3.2307861489013754,
    "ages2_medium": 7.481478845105338,
    "ages2_soft": 3.976819950077086,
    "ages_hard": 2.236423727010089,
    "ages_medium": 5.464988888802156,
    "ages_soft": 4.790108570427413,
    "drv_D001": -0.1767036490123045,
    "drv_D002": -0.17640989215520506,
    "drv_D003": -0.19598796045701983,
    "drv_D004": -0.08652990665806894,
    "drv_D005": -0.43894742310358964,
    "drv_D006": -0.14244454195002407,
    "drv_D007": -0.2324025175708354,
    "drv_D008": 0.09411324616141646,
    "drv_D009": 0.3432307625718053,
    "drv_D010": -0.10015354715330925,
    "drv_D011": 0.31452387094812917,
    "drv_D012": 0.22912947360615843,
    "drv_D013": -0.4555242883321996,
    "drv_D014": 0.47777460113111925,
    "drv_D015": -0.10579591936693679,
    "drv_D016": -0.37715595188990836,
    "drv_D017": -0.26667309738473816,
    "drv_D018": 0.5357238572968934,
    "drv_D019": 0.446733479497983,
    "drv_D020": -0.12005127942696124,
    "laps_hard": -0.11000816219047106,
    "laps_medium": -2.282108490723901,
    "laps_soft": 2.3921166529144124,
    "maxstint_hard": -2.4607394473676933,
    "maxstint_medium": -0.6395489517587677,
    "maxstint_soft": 4.2752413149706,
    "pit_time_stops": -0.8238269345409336,
    "stints_hard": -0.5734615917647563,
    "stints_medium": 4.493783319105308,
    "stints_soft": -5.078722768997388,
    "stops": -1.158401041656702,
    "temp_ages2_hard": 0.11885342592807528,
    "temp_ages2_medium": 0.5269165644216522,
    "temp_ages2_soft": 0.08957782982092824,
    "temp_ages_hard": 0.03400509212268816,
    "temp_ages_medium": 0.5310199929353038,
    "temp_ages_soft": 0.11285658558729607,
    "temp_laps_hard": -0.47833802577737666,
    "temp_laps_medium": 0.3435473664703012,
    "temp_laps_soft": 0.13479065930706652,
    "trk_Bahrain_ages_hard": 2.2298968401872745,
    "trk_Bahrain_ages_medium": 5.430251606424243,
    "trk_Bahrain_ages_soft": 4.683943300267207,
    "trk_Bahrain_laps_hard": 0.20948113474502394,
    "trk_Bahrain_laps_medium": -2.4157619452077173,
    "trk_Bahrain_laps_soft": 2.2062808104626357,
    "trk_COTA_ages_hard": 2.120191280278173,
    "trk_COTA_ages_medium": 5.62638995587655,
    "trk_COTA_ages_soft": 4.651181575771152,
    "trk_COTA_laps_hard": 0.01021117560635865,
    "trk_COTA_laps_medium": -1.9476474955552276,
    "trk_COTA_laps_soft": 1.9374363199488511,
    "trk_Monaco_ages_hard": 2.202276312095674,
    "trk_Monaco_ages_medium": 5.626023676987027,
    "trk_Monaco_ages_soft": 4.881621434544385,
    "trk_Monaco_laps_hard": -0.32558015854293815,
    "trk_Monaco_laps_medium": -2.091232799619069,
    "trk_Monaco_laps_soft": 2.416812958161951,
    "trk_Monza_ages_hard": 2.114705127094259,
    "trk_Monza_ages_medium": 5.6293276391904525,
    "trk_Monza_ages_soft": 4.653207750221396,
    "trk_Monza_laps_hard": 0.28412258288648085,
    "trk_Monza_laps_medium": -2.217678539189836,
    "trk_Monza_laps_soft": 1.9335559563033442,
    "trk_Silverstone_ages_hard": 2.349225487166976,
    "trk_Silverstone_ages_medium": 5.79797146485253,
    "trk_Silverstone_ages_soft": 4.7855482445306405,
    "trk_Silverstone_laps_hard": -0.003102698252931376,
    "trk_Silverstone_laps_medium": -2.513115267915319,
    "trk_Silverstone_laps_soft": 2.516217966168209,
    "trk_Spa_ages_hard": 2.247594397730252,
    "trk_Spa_ages_medium": 5.079370893477515,
    "trk_Spa_ages_soft": 4.989575904995065,
    "trk_Spa_laps_hard": -0.6916207413487658,
    "trk_Spa_laps_medium": -2.5067850934449796,
    "trk_Spa_laps_soft": 3.1984058347937037,
    "trk_Suzuka_ages_hard": 2.501138732890897,
    "trk_Suzuka_ages_medium": 5.201693841769647,
    "trk_Suzuka_ages_soft": 4.73473569026679,
    "trk_Suzuka_laps_hard": 0.28733250706231883,
    "trk_Suzuka_laps_medium": -2.67846410462416,
    "trk_Suzuka_laps_soft": 2.391131597561888
  },
  "feature_scales": {
    "laps": 100.0,
    "ages": 5000.0,
    "ages2": 200000.0,
    "stops": 6.0,
    "pit_time_stops": 180.0,
    "max_stint": 70.0,
    "temp_norm": 15.0
  },
  "metadata": {
    "model": "pairwise_logistic_sparse_v2",
    "trained_on_races": 30000,
    "train_races": 25500,
    "val_races": 4500,
    "epochs": 10,
    "pairs_per_race": 120,
    "seed": 42,
    "train_pair_rate": 70.24639834881322,
    "val_pair_rate": 70.17391812865498
  }
}